{
    "fuel": 23.69972206996529,
    "speed": 49.38933238031305,
    "altitude": 0,
    "missions_completed": 1,
    "engine_temp": 70.0,
    "timer": 15
}