{
    "fuel": 50.40737602873641,
    "speed": 25.468111965635963,
    "altitude": 0,
    "missions_completed": 1,
    "engine_temp": 25,
    "timer": 9
}